name,pop2020,state,new_tests_per_million_per_day,GDP.millions.2019,GDP.millions.2020.counterfactual,total.income.millions.2019,personal.income2019,pop.2019.bea,total.income.millions.2020,personal.income2020,pop.2020.bea,PCE.millions.2019,PCE2019,GDP.millions.2019.2,GDP.millions.2020.2,total.income.millions.2019.2,total.income.millions.2020.2,PCE.millions.2019.2,PCE.millions.2020.2,personal.income2019.2,personal.income2020.2,PCE2019.2,PCE2020.2,employment2019,employment2020,GDP.percap.2019,GDP.percap.2019.2,GDP.percap.2020.counterfactual,GDP.percap.2020.2,us.median.income.2019,us.median.income.2020,us.personal.income.2019,us.personal.income.2020,median.income.2019.est,median.income.2020.est,median.income.2020.counterfactual,personal.income2020.counterfactual,daily.discount,weekly.discount,employment2019.rate,cost.fear,vsl.low,vsl.mid,vsl.high,cost.productivity,cost.medical,cost.learning.high,cost.learning.low,time.learning,cost.schools.direct,cost.work,cost.social,cost.mask,cost.test,cost.trace
Alabama,5024356,AL,8.965672048087448,234526.4,244141.98239999998,216587.5,43288,5003418,232040.3,46179,5024803,174016,34779.42478521683,231561.9,230892.1,216587.5,232040.3,177412.1,177093.9,43288,46119,35458,35244,2712163,2671253,46873.237454875845,46280.74248443764,48587.373952769885,45950.478058542794,35980,35860,56250,59763,27688.92871111111,27673.097736057425,28824.174788266664,45062.808,0.9998884707156994,0.9992152697058329,0.5420620463850911,1635.732541946171,4470000,8310000.000000001,10630000,554.3110536205128,3045,1934.1512323506472,252.2805955239975,36,24.293686976384944,22.17244214482051,22.17244214482051,2.24,0.006275970433661214,0.0031387999999999997
Alaska,733378,AK,40.12406968010932,54469.9,56703.1659,45056.8,61316,734823,45965.1,62756,732441,37090,50474.740175525265,54728.2,50475.2,45056.8,45965.1,37743.5,35831.5,61316,62715,51364,48921,454785,430824,74126.55836847785,74478.07159002917,77416.70100390339,68913.67359282181,35980,35860,56250,59763,39220.43875555556,37631.30866924351,40828.476744533335,63829.956,0.9998884707156994,0.9992152697058329,0.6189041442633124,2316.960278644692,4470000,8310000.000000001,10630000,785.1630143179488,3045,3081.7802130400005,401.97133213565223,36,38.7083505019517,31.406520572717948,31.406520572717948,2.24,0.028086848776076524,0.0031387999999999997
Arizona,7151507,AZ,15.485032107101274,375545,390942.345,340259.8,48124,7070511,375601.3,52327,7177986,276910.4,39164.128306992236,372393.5,382072.3,340259.8,375601.3,287272.8,288818.8,48124,52313,40630,40237,3929985,3920036,53114.265715731155,52668.541212933545,54464.07181624483,53228.34288057959,35980,35860,56250,59763,30782.249244444443,31389.725750046015,32044.321463466662,50097.083999999995,0.9998884707156994,0.9992152697058329,0.5558275773844351,1818.4714666562911,4470000,8310000.000000001,10630000,616.2369512205128,3045,2168.0890126851305,282.7942190458867,36,27.232035908122416,24.64947804882051,24.64947804882051,2.24,0.010839522474970891,0.0031387999999999997
Arkansas,3011555,AR,16.79984892368647,132637.2,138075.3252,133161.4,44324,3004248,142038.5,47154,3012232,105702.4,35184.31234704991,131578.3,133969.1,133161.4,142038.5,104158.6,104782.9,44324,47123,34670,34786,1664214,1640442,44149.883764589344,43797.41619200545,45838.21073542808,44475.02715594284,35980,35860,56250,59763,28351.600355555554,28275.534695380084,29514.01597013333,46141.284,0.9998884707156994,0.9992152697058329,0.5539536016999929,1674.8800866111178,4470000,8310000.000000001,10630000,567.5772301948717,3045,1824.7133888910794,238.0060942031843,36,22.919105367714042,22.703089207794868,22.703089207794868,2.24,0.011759894246580528,0.0031387999999999997
California,39538245,CA,18.92949295786986,3062158.9,3187707.4148999997,2567425.6,64919,39547996,2790523.5,70647,39499738,1947589.8,49246.232350180275,3042694.1,3020173.4,2567425.6,2790523.5,1917201.3,1848651.7,64919,70643,48478,46802,24227775,23155486,77428.92711934127,76936.74541688534,80701.98883091325,76460.59323228929,35980,35860,56250,59763,41525.07768888889,42388.40051536904,43227.605874133325,67580.67899999999,0.9998884707156994,0.9992152697058329,0.612617008457268,2453.107579250681,4470000,8310000.000000001,10630000,831.3001129641024,3045,3212.5599399998155,419.0295573912803,36,40.350994415456626,33.2520045185641,33.2520045185641,2.24,0.013250645070508903,0.0031387999999999997
Colorado,5773733,CO,15.487222058301855,397701.6,414007.36559999996,356341.3,62124,5735934,378051.4,65358,5784308,266987.6,46546.4909463742,394534.7,391263.3,356341.3,378051.4,272795.8,272276.5,62124,65352,47559,47072,3895377,3821923,69335.10741232378,68782.99157556555,71574.22557719954,67642.19678481852,35980,35860,56250,59763,39737.271466666665,39213.6057426836,41366.49959679999,64671.083999999995,0.9998884707156994,0.9992152697058329,0.6791181697697358,2347.4923405069285,4470000,8310000.000000001,10630000,795.5096076307691,3045,2849.20474893852,371.6354020354592,36,35.78711278859977,31.820384305230764,31.820384305230764,2.24,0.010841055440811298,0.0031387999999999997
Connecticut,3605942,CT,28.19491073296519,285466.4,297170.5224,272459.4,75533,3607159,282486.1,78463,3600260,195327.1,54149.84479475399,288536.3,276223.3,272459.4,282486.1,184842.1,180077,75533,78526,51243,50018,2298065,2217497,79138.84583407607,79989.90341152137,82541.40600956598,76723.15332781522,35980,35860,56250,59763,48314.26382222222,47118.490704951226,50295.14863893333,78629.85299999999,0.9998884707156994,0.9992152697058329,0.6370844756219507,2854.180976040015,4470000,8310000.000000001,10630000,967.214396902564,3045,3285.782893073107,428.58037735736184,36,41.270703004782995,38.68857587610256,38.68857587610256,2.24,0.019736437513075633,0.0031387999999999997
Delaware,989957,DE,20.767497821717424,78685.8,81911.9178,53202.5,54217,981297,55866.8,56324,991886,44624.7,45475.22309759431,76923.7,75818.6,53202.5,55866.8,45735.2,45112.3,54217,56311,46607,45481,602812,592045,80185.5095857829,78389.82489501139,82581.9880510462,76438.82462299094,35980,35860,56250,59763,34679.602844444446,33788.67292471931,36101.46656106666,56439.897,0.9998884707156994,0.9992152697058329,0.614301276779609,2048.708908397144,4470000,8310000.000000001,10630000,694.2589723282051,3045,3287.3983704935695,428.7910918035091,36,41.2909940255231,27.770358893128204,27.770358893128204,2.24,0.014537248475202198,0.0031387999999999997
District of Columbia,689546,DC,29.688358749498253,145171,151123.011,58203.2,84671,687408,61925.5,89735,690093,46122,67095.5240555827,143990.8,144720,58203.2,61925.5,49118.1,47733.5,84671,92307,71454,69170,915189,865878,211186.07871889765,209469.19442310825,218989.34056714096,209710.86505731835,35980,35860,56250,59763,54159.33475555555,55387.59801214799,56379.86748053333,88142.511,0.9998884707156994,0.9992152697058329,1.3313621604636547,3199.4804578433805,4470000,8310000.000000001,10630000,1084.2282207794872,3045,8717.460287961188,1137.060037560155,36,109.49467028357049,43.36912883117949,43.36912883117949,2.24,0.020781851124648774,0.0031387999999999997
Florida,21538226,FL,17.582157425623514,1127988.6,1174236.1326000001,1165093.1,54560,21354519,1235793.4,57292,21569932,923931.4,43266.31754150023,1111392.2,1116726.8,1165093.1,1235793.4,964269.4,954880.3,54560,57240,45155,44269,12761585,12720098,52822.009243102126,52044.82479797368,54438.564414574896,51772.38389068635,35980,35860,56250,59763,34899.00088888889,34346.10712313639,36329.85992533333,56796.96,0.9998884707156994,0.9992152697058329,0.5976058276002377,2061.6699198064844,4470000,8310000.000000001,10630000,698.6511524102564,3045,2167.073621887885,282.66177676798503,36,27.21928220728745,27.946046096410253,27.946046096410253,2.24,0.01230751019793646,0.0031387999999999997
Georgia,10711937,GA,12.087269650928445,646939,673463.499,522393,49083,10642947,557601.2,51987,10725800,404263.7,37984.188026117205,637992.5,625425.7,522393,557601.2,415665.1,410296,49083,51967,39055,38253,6399395,6326942,60785.70155427815,59945.09791320017,62789.11587014489,58310.40108896306,35980,35860,56250,59763,31395.668266666667,31182.113013068287,32682.8906656,51095.403,0.9998884707156994,0.9992152697058329,0.6012803596597822,1854.7093965150605,4470000,8310000.000000001,10630000,628.5171281846153,3045,2499.4898048307673,326.0204093257523,36,31.394557935072445,25.140685127384618,25.140685127384618,2.24,0.008461088755649911,0.0031387999999999997
Hawaii,1455273,HI,12.851177677990115,93356.2,97183.80419999998,79699.7,54700,1457034,83109.5,57241,1451911,69993.4,48038.27501623161,91912.7,82535.5,79699.7,83109.5,66957.1,64031.5,54700,57276,45954,44102,914163,817748,64072.76700475075,63082.05573788944,66935.09739922074,56846.11522331603,35980,35860,56250,59763,34988.55111111111,34367.708448371064,36423.081706666664,56942.7,0.9998884707156994,0.9992152697058329,0.6274136361951745,2066.960128544991,4470000,8310000.000000001,10630000,700.4438789743589,3045,2664.5317618535946,347.5476211113385,36,33.467548699610376,28.017755158974357,28.017755158974357,2.24,0.008995824374593082,0.0031387999999999997
Idaho,1839092,ID,7.021451526474525,84550.2,88016.7582,83031.5,45924,1808039,91448.5,49491,1847772,66448.4,36751.64086615388,82847.2,85927.8,83031.5,91448.5,63939.8,65101,45924,49453,35364,35232,1064118,1078122,46763.482424881324,45821.577963749674,47633.99283028425,46503.464713178895,35980,35860,56250,59763,29375.031466666667,29673.620467513345,30579.4077568,47806.884,0.9998884707156994,0.9992152697058329,0.5885481452557163,1735.3396150511915,4470000,8310000.000000001,10630000,588.0655337846154,3045,1896.199329974777,247.33034738801442,36,23.81699641514213,23.522621351384615,23.522621351384615,2.24,0.004915016068532168,0.0031387999999999997
Illinois,12812545,IL,24.039971502175106,895800,932527.7999999999,750935.6,58438,12850150,794459.5,62139,12785245,585415.2,45557.07131823364,889540.1,856942.9,750935.6,794459.5,573085.1,556286.1,58438,62132,44598,43510,7859703,7519502,69711.24850682677,69224.10244238394,72937.81229847374,67025.92715274522,35980,35860,56250,59763,37379.542044444446,37281.48720780416,38912.10326826666,60833.958,0.9998884707156994,0.9992152697058329,0.6116428991101271,2208.2087018631114,4470000,8310000.000000001,10630000,748.3096782358973,3045,2903.485989573858,378.7155638574598,36,36.46890614923687,29.932387129435895,29.932387129435895,2.24,0.016827980051522577,0.0031387999999999997
Indiana,6785668,IN,17.682056209313505,385446.2,401249.49419999996,329625,48749,6761742,354337.7,52219,6785644,263533,38974.128264580344,381132.3,373781.6,329625,354337.7,259729.3,258617.9,48749,52194,38412,38113,3970076,3843507,57003.9791521179,56365.99266875311,59132.116892663384,55084.17476661022,35980,35860,56250,59763,31182.02702222222,31318.321369409165,32460.49013013333,50747.708999999995,0.9998884707156994,0.9992152697058329,0.5871380481538633,1842.088469953195,4470000,8310000.000000001,10630000,624.2401948102563,3045,2353.913114765638,307.03214540421374,36,29.56605844633169,24.969607792410255,24.969607792410255,2.24,0.012377439346519454,0.0031387999999999997
Iowa,3190372,IA,9.22453441030533,196085.1,204124.58909999998,160360.6,50367,3183831,169994.2,53312,3188669,124069.7,38968.68269704014,195708.7,196982.9,160360.6,169994.2,121665.5,119315.3,50367,53280,38214,37419,2071092,2010409,61587.785281316756,61469.56292592164,64015.60936553778,61775.90085392996,35980,35860,56250,59763,32216.971733333332,31969.96134732192,33537.8675744,52432.047,0.9998884707156994,0.9992152697058329,0.6505031202975283,1903.2281680882186,4470000,8310000.000000001,10630000,644.9589918153846,3045,2548.3136805127533,332.38874093644614,36,32.00780468276889,25.798359672615387,25.798359672615387,2.24,0.006457174087213731,0.0031387999999999997
Kansas,2937847,KS,7.813132843926829,176917.7,184171.3257,155125.9,52876,2933747,164333.6,55974,2935880,113323.2,38627.461740906765,176564.4,177580.9,155125.9,164333.6,114529,113475.7,52876,55935,39038,38651,1924539,1879086,60304.347989107446,60183.92179012028,62731.21711377849,60486.42996307751,35980,35860,56250,59763,33821.839644444444,33563.05908337935,35208.535069866666,55043.916,0.9998884707156994,0.9992152697058329,0.656000329953469,1998.0362661233082,4470000,8310000.000000001,10630000,677.0872128820513,3045,2497.184988952336,325.71978116769606,36,31.365608556889246,27.083488515282053,27.083488515282053,2.24,0.00546919299074878,0.0031387999999999997
Kentucky,4505893,KY,16.65699201878091,220683.3,229731.31529999996,197356,43875,4498141,214052.5,47525,4503958,162389.8,36101.536167941376,218494.7,216865.6,197356,214052.5,164781.9,164142.1,43875,47489,36633,36444,2550230,2472056,49061.000977959564,48574.44442048393,51006.54031409706,48150.0049512007,35980,35860,56250,59763,28064.4,28495.148168599302,29215.040399999998,45673.875,0.9998884707156994,0.9992152697058329,0.5669519919451169,1657.9136314426228,4470000,8310000.000000001,10630000,561.8276999999999,3045,2030.452662503479,264.8416516308886,36,25.50327015704853,22.473108,22.473108,2.24,0.011659894413146637,0.0031387999999999997
Louisiana,4657749,LA,20.617073560373804,257096.7,267637.66469999996,222349.1,47668,4664558,236324.2,50809,4651203,173167,37123.98902532673,255481.9,232527.8,222349.1,236324.2,176015.7,173900,47668,50804,37735,37388,2717896,2593066,55117.05503501082,54770.87003741834,57541.60046336399,49993.04481012762,35980,35860,56250,59763,30490.57137777778,30484.270200625804,31740.684804266664,49622.388,0.9998884707156994,0.9992152697058329,0.5826695691210185,1801.2405010508708,4470000,8310000.000000001,10630000,610.3977846974359,3045,2290.5983261377587,298.7736947136207,36,28.770800231681996,24.415911387897435,24.415911387897435,2.24,0.014431951492261662,0.0031387999999999997
Maine,1362341,ME,17.84614253775724,69298.2,72139.42619999999,68863,50728,1357487,74805.9,54912,1362280,63649.5,46887.74183472843,68690.4,70740,68863,74805.9,62018.3,61370.5,50728,54861,45686,45050,842473,813207,51048.88665600481,50601.147561634105,52954.91837214081,51927.650703232815,35980,35860,56250,59763,32447.883377777776,32918.619547211485,33778.24659626666,52807.848,0.9998884707156994,0.9992152697058329,0.6206122047577619,1916.8693491925098,4470000,8310000.000000001,10630000,649.5816653128204,3045,2108.0130967371438,274.9582300091927,36,26.477459186070405,25.983266612512814,25.983266612512814,2.24,0.012492299776430068,0.0031387999999999997
Maryland,6177213,MD,22.183560428424858,419447.6,436644.9516,384074.3,62313,6163628,405454.6,65685,6172679,287343.8,46619.263849148585,420371.3,410931,384074.3,405454.6,280092.2,269486.2,62313,65680,45443,43658,3743604,3620521,68052.0628435071,68201.92587871948,70738.32149703556,66572.55301952362,35980,35860,56250,59763,39858.16426666667,39410.41781704399,41492.3490016,64867.833,0.9998884707156994,0.9992152697058329,0.6073702046911332,2354.634122303913,4470000,8310000.000000001,10630000,797.9297884923077,3045,2815.9293365166077,367.29513084999235,36,35.36916074851778,31.917191539692308,31.917191539692308,2.24,0.015528492299897402,0.0031387999999999997
Massachusetts,7029949,MA,32.17879364731102,588617.5,612750.8175,513710.4,73213,7016618,550459.5,78388,7022220,387570.3,55236.055318958504,589904.3,585150.3,513710.4,550459.5,376243.6,360537.9,73213,78685,53622,51342,4872989,4600345,83889.06165334923,84072.45484933055,87258.84656134385,83328.39187607338,35980,35860,56250,59763,46830.28871111111,47213.89655807105,48750.33054826666,76214.733,0.9998884707156994,0.9992152697058329,0.6944925603759532,2766.514659801909,4470000,8310000.000000001,10630000,937.5063566974358,3045,3473.5733150381106,453.0747802223623,36,43.62942328067192,37.50025426789743,37.50025426789743,2.24,0.02252515555311771,0.0031387999999999997
Michigan,10077325,MI,18.782934460152795,536975.6,558991.5996,495268.6,49142,10078236,537493.5,53388,10067664,417614.8,41437.29120850117,532217,520105.3,495268.6,537493.5,422231.1,411989.1,49142,53378,41895,40922,5713882,5388167,53280.71301366628,52808.54705128953,55523.46597979432,51660.97120444226,35980,35860,56250,59763,31433.407288888888,32028.764954905208,32722.176987733328,51156.82199999999,0.9998884707156994,0.9992152697058329,0.5669525897190738,1856.9388416262875,4470000,8310000.000000001,10630000,629.272634379487,3045,2210.2610495802737,288.29491951047055,36,27.76173298989716,25.170905375179487,25.170905375179487,2.24,0.013148054122106956,0.0031387999999999997
Minnesota,5706504,MN,20.895389582073257,383961.6,399704.02559999994,332916,58543,5686733,355211.2,62240,5707165,265957.6,46768.08283420374,383956.6,376814.4,332916,355211.2,261626.8,252088,58543,62210,46007,44170,3783623,3608149,67518.83726561455,67517.9580261637,70035.47743932407,66024.79514785361,35980,35860,56250,59763,37446.70471111111,37328.29007914596,38982.019604266665,60943.263,0.9998884707156994,0.9992152697058329,0.6653421217419563,2212.1763584169908,4470000,8310000.000000001,10630000,749.6542231589743,3045,2787.9507365269387,363.64574824264423,36,35.017738719662034,29.986168926358975,29.986168926358975,2.24,0.014626772707451281,0.0031387999999999997
Mississippi,2961288,MS,10.173000971757215,115441.7,120174.80969999998,117112.8,39445,2968981,126306.9,42716,2956870,96216.7,32407.314159302467,114234.4,115123.4,117112.8,126306.9,96481.6,96324.6,39445,42698,32497,32577,1607696,1573592,38882.5997876039,38475.96195462349,40642.574648192174,38934.2108378116,35980,35860,56250,59763,25230.77511111111,25620.37180195104,26265.236890666663,41062.244999999995,0.9998884707156994,0.9992152697058329,0.5414975710521556,1490.516312074171,4470000,8310000.000000001,10630000,505.1007094358974,3045,1617.88710618765,211.02875298099784,36,20.321287324096087,20.204028377435897,20.204028377435897,2.24,0.007121100680230051,0.0031387999999999997
Missouri,6154920,MO,15.06859637613589,334364.7,348073.6527,301030.7,49001,6143406,320698.2,52108,6154481,253347.6,41238.94790609639,332485.8,330249.9,301030.7,320698.2,251601.3,246982.5,49001,52112,40955,40131,3779850,3693351,54426.59983728896,54120.759721887174,56556.134091566775,53660.07304271473,35980,35860,56250,59763,31343.217422222224,31269.11835081907,32628.289336533333,51010.041,0.9998884707156994,0.9992152697058329,0.6152694449951704,1851.6108456825064,4470000,8310000.000000001,10630000,627.467102625641,3045,2251.3691840296774,293.6568500908275,36,28.278067045783388,25.09868410502564,25.09868410502564,2.24,0.010548017463295123,0.0031387999999999997
Montana,1084197,MT,17.7338717714397,52772.5,54936.17249999999,54083.5,50289,1075462,58769.6,54106,1086193,45316,42136.30979058302,51925.4,52355.8,54083.5,58769.6,45496.2,46022,50289,54062,42304,42370,686459,684333,49069.60915401939,48281.94766528245,50576.80587151638,48201.19444702737,35980,35860,56250,59763,32167.079466666666,32439.19013436407,33485.9297248,52350.848999999995,0.9998884707156994,0.9992152697058329,0.6382921944243497,1900.2807660767653,4470000,8310000.000000001,10630000,643.9601870153846,3045,2013.3459260392096,262.6103381790274,36,25.28840293575819,25.758407480615386,25.758407480615386,2.24,0.01241371024000779,0.0031387999999999997
Nebraska,1961489,NE,19.545946263763742,132741,138183.381,105922.2,54182,1954927,112629.7,57421,1961455,80837.8,41350.802357325876,131866.9,134580.8,105922.2,112629.7,80567.6,80058.2,54182,57387,41213,40816,1328812,1305987,67900.74514291326,67453.61847271024,70449.4270834661,68612.73901262073,35980,35860,56250,59763,34657.21528888889,34434.31253451132,36078.16111573333,56403.462,0.9998884707156994,0.9992152697058329,0.6797246137579562,2047.3863562125175,4470000,8310000.000000001,10630000,693.8107906871794,3045,2804.4291165918235,365.795102164151,36,35.22471354173305,27.752431627487177,27.752431627487177,2.24,0.013682162384634619,0.0031387999999999997
Nevada,3104624,NV,14.866632631919792,184343.9,191901.99989999997,161433.6,52602,3068943,172538.5,55406,3114071,132958.2,43323.77629692048,182186.3,172562.6,161433.6,172538.5,125722.2,124030.6,52602,55378,40966,39829,1884215,1770936,60067.554203515676,59364.51084298405,61624.15689944127,55413.82967825718,35980,35860,56250,59763,33646.577066666665,33228.83857905393,35026.0867264,54758.68199999999,0.9998884707156994,0.9992152697058329,0.6139622013181737,1987.6825718779453,4470000,8310000.000000001,10630000,673.5785908923076,3045,2453.1154765739116,319.97158390094506,36,30.812078449720634,26.943143635692305,26.943143635692305,2.24,0.010406642842343853,0.0031387999999999997
New Hampshire,1377518,NH,16.427536881503894,87472,91058.352,88822.8,64747,1371834,94440.8,68542,1377848,74220.4,54103.047453263294,87338.2,88337.7,88822.8,94440.8,71883,71131.4,64747,68505,52399,51625,890110,858502,63762.81678395491,63665.283117345105,66087.37103076682,64112.80489575047,35980,35860,56250,59763,41415.058844444444,41105.52181115406,43113.07625706666,67401.627,0.9998884707156994,0.9992152697058329,0.6488467263531885,2446.608179943373,4470000,8310000.000000001,10630000,829.097620328205,3045,2630.7857314170637,343.14596496744315,36,33.04368551538341,33.163904813128205,33.163904813128205,2.24,0.011499275817052726,0.0031387999999999997
New Jersey,9289031,NJ,17.832908160903557,641877.6,668194.5815999999,633651,68438,9258804,663544.1,71505,9279743,481553.8,52010.36764575641,637630.4,620085.9,633651,663544.1,457257.1,447693.8,68438,71567,49386,48244,5571414,5319600,69326.1894300819,68867.46927572935,72005.72058946028,66821.45184408662,35980,35860,56250,59763,43775.98648888889,42942.83452972575,45570.80193493333,71243.958,0.9998884707156994,0.9992152697058329,0.6017422984653309,2586.080754613566,4470000,8310000.000000001,10630000,876.3615756717949,3045,2866.3815696188994,373.87585690681306,36,36.00286029473014,35.0544630268718,35.0544630268718,2.24,0.012483035712632491,0.0031387999999999997
New Mexico,2117527,NM,19.870135933596256,103869.2,108127.8372,91853.6,43530,2110146,99018,46760,2117566,77913.1,36923.084942937596,102027.5,98790,91853.6,99018,75837.8,74388.6,43530,46742,35940,35129,1116979,1069680,49223.70300443666,48350.91979417538,51062.32211888555,46652.61909191968,35980,35860,56250,59763,27843.72266666667,28046.920669979754,28985.315296,45314.729999999996,0.9998884707156994,0.9992152697058329,0.5293373065181272,1644.8770456227326,4470000,8310000.000000001,10630000,557.4099095384615,3045,2032.673207424867,265.1312879249827,36,25.531161059442777,22.29639638153846,22.29639638153846,2.24,0.01390909515351738,0.0031387999999999997
New York,20201230,NY,25.74584478821561,1793261.3,1866785.0133,1362298.6,67366,20222325,1442624.6,71577,20154933,1067807.9,52803.41899361225,1787666,1740804.7,1362298.6,1442624.6,1010359.1,966027.5,67366,71743,49963,47930,12746559,11872381,88677.30589830794,88400.6166452176,92621.74244389699,86371.14794675824,35980,35860,56250,59763,43090.28764444444,43048.441008650836,44856.98943786666,70128.006,0.9998884707156994,0.9992152697058329,0.6303211425985884,2545.5728705587176,4470000,8310000.000000001,10630000,862.6344122666665,3045,3687.057824208976,480.92058576638823,36,46.310871221948496,34.505376490666656,34.505376490666656,2.24,0.018022091351750924,0.0031387999999999997
North Carolina,10439414,NC,14.9808271481735,593126.9,617445.1028999999,505470.2,48741,10370550,542726.5,51900,10457177,389094.9,37519.21547073202,594521,598915.9,505470.2,542726.5,406984.1,407610.3,48741,51938,39244,38979,6149574,6055314,57193.38897165531,57327.81771458602,59045.103941532216,57273.19141676573,35980,35860,56250,59763,31176.909866666665,31164.71194551813,32455.163171199994,50739.380999999994,0.9998884707156994,0.9992152697058329,0.5929843643779742,1841.7861723109945,4470000,8310000.000000001,10630000,624.1377532923076,3045,2350.4493299802243,306.580347388725,36,29.52255197076611,24.965510131692305,24.965510131692305,2.24,0.01048657900372145,0.0031387999999999997
North Dakota,779091,ND,40.3142512004567,60516.3,62997.4683,44346.9,57110,776516,47410.7,60864,778962,36504.1,47010.106681639525,59199.2,54422.9,44346.9,47410.7,34788.1,33820.5,57110,60821,44800,43417,581826,560682,77933.10118529432,76236.93523378784,80873.60911058563,69865.92414007359,35980,35860,56250,59763,36530.09422222222,36494.83894717467,38027.82808533333,59451.509999999995,0.9998884707156994,0.9992152697058329,0.7492775422528318,2158.0272932578505,4470000,8310000.000000001,10630000,731.3043862564101,3045,3219.391747286774,419.9206626895793,36,40.43680455529282,29.252175450256406,29.252175450256406,2.24,0.02821997584031969,0.0031387999999999997
Ohio,11799374,OH,15.255587418705364,703127.8,731956.0398,589835.8,50035,11788547,631330.7,53545,11790587,499203.3,42346.46559919556,697166.8,684382.5,589835.8,631330.7,474617.8,467691,50035,53514,40261,39666,7072285,6853595,59644.99272047692,59139.33243851002,62079.69457330665,58044.8199907265,35980,35860,56250,59763,32004.60977777778,32110.36996134732,33316.79877866666,52086.435,0.9998884707156994,0.9992152697058329,0.5999284729492108,1890.6828159369036,4470000,8310000.000000001,10630000,640.7076688205127,3045,2471.249380129707,322.33687566909225,36,31.039847286653327,25.62830675282051,25.62830675282051,2.24,0.010678911193093754,0.0031387999999999997
Oklahoma,3959346,OK,15.782264136834936,205262.6,213678.36659999998,191851.6,48646,3943796,200152.9,50518,3962031,140938.2,35736.686177479765,204192.5,190063.6,191851.6,200152.9,138817,138003.6,48646,50481,35199,34832,2309852,2263126,52046.96186111046,51775.624296997106,53931.523150626526,47971.25514666594,35980,35860,56250,59763,31116.143644444444,30290.458310325786,32391.905533866666,50640.486,0.9998884707156994,0.9992152697058329,0.5856925662483556,1838.196387809865,4470000,8310000.000000001,10630000,622.9212602666666,3045,2146.889479265325,280.02906251286856,36,26.965761575313262,24.91685041066667,24.91685041066667,2.24,0.011047584895784456,0.0031387999999999997
Oregon,4237291,OR,13.383550497504078,248939.8,259146.33179999996,222257,52718,4215976,241790.3,57005,4241544,184344.4,43725.201471735134,247233.1,247966.7,222257,241790.3,180302.5,179129.5,52718,56962,42766,42232,2578253,2493784,59046.778254904675,58641.960959929565,61097.169285524324,58461.423481637816,35980,35860,56250,59763,33720.775822222226,34179.296889379715,35103.32763093334,54879.437999999995,0.9998884707156994,0.9992152697058329,0.6115435666616698,1992.065887689851,4470000,8310000.000000001,10630000,675.0639929025642,3045,2432.137315789141,317.2353020594532,36,30.54858464276216,27.002559716102567,27.002559716102567,2.24,0.009368485348252855,0.0031387999999999997
Pennsylvania,13002689,PA,12.16262314741249,803078,836004.198,739891.8,56952,12991448,788281.5,60685,12989625,595321,45824.068263984125,799888.8,771613.2,739891.8,788281.5,592927,572692.2,56952,60663,45640,44088,7773246,7413333,61815.89611873904,61570.411550737066,64359.37896590548,59402.26911862352,35980,35860,56250,59763,36429.0304,36400.03313086693,37922.6206464,59287.032,0.9998884707156994,0.9992152697058329,0.5983356127815775,2152.056914824394,4470000,8310000.000000001,10630000,729.281166276923,3045,2561.9983549889293,334.173698476817,36,32.17968948295274,29.17124665107692,29.17124665107692,2.24,0.008513836203188742,0.0031387999999999997
Rhode Island,1097371,RI,38.55121793645937,62526.9,65090.5029,61107.2,55830,1094524,65709,59941,1096229,49838.1,45534.04036823313,61642.8,60770.6,61107.2,65709,47038,45546.3,55830,59935,42976,41548,651037,615726,57127.02508122252,56319.2766901411,59376.73871061612,55436.04484099581,35980,35860,56250,59763,35711.34933333333,35963.20633167679,37175.51465599999,58119.03,0.9998884707156994,0.9992152697058329,0.5948129049705625,2109.659670505792,4470000,8310000.000000001,10630000,714.9137433846153,3045,2363.650944826449,308.30229715127604,36,29.68836935530806,28.596549735384606,28.596549735384606,2.24,0.02698585255552156,0.0031387999999999997
South Carolina,5118429,SC,13.964477020921302,248046.5,258216.40649999998,237024.5,46681,5077543,251946.2,49105,5130729,185731.4,36578.991059258384,245987.2,245359.5,237024.5,251946.2,196321.3,196787.9,46681,49095,38665,38355,2882340,2825222,48851.678853335165,48446.10867894176,50327.43037100575,47821.56687675377,35980,35860,56250,59763,29859.24231111111,29458.807288790722,31083.47124586666,48594.920999999995,0.9998884707156994,0.9992152697058329,0.567664321109639,1763.9445294444008,4470000,8310000.000000001,10630000,597.7590624205127,3045,2003.4188628458057,261.31550384945297,36,25.163715185502877,23.910362496820508,23.910362496820508,2.24,0.009775133914644912,0.0031387999999999997
South Dakota,886677,SD,15.735379040232457,55007.4,57262.7034,48797,55294,882507,53621.5,60446,887099,40797.7,46229.3216937656,54001.3,55681.2,48797,53621.5,37494.4,37476.5,55294,60398,42486,42246,610900,606699,62330.83703585354,61190.78942150034,64550.521869599674,62767.74069185063,35980,35860,56250,59763,35368.49991111111,36241.02337566722,36818.608407466665,57561.054,0.9998884707156994,0.9992152697058329,0.692232469544151,2089.4057284783685,4470000,8310000.000000001,10630000,708.0501616820512,3045,2569.6073128859866,335.16617124599827,36,32.27526093479984,28.32200646728205,28.32200646728205,2.24,0.01101476532816272,0.0031387999999999997
Tennessee,6910786,TN,18.927878514904435,385819.5,401638.09949999995,338609.2,49343,6862378,362278.1,52351,6920119,256657.3,37400.635756293224,380128.5,379007.1,338609.2,362278.1,260150.9,259372.2,49343,52310,37910,37481,4168951,4121399,56222.420274721095,55393.115914046124,58039.1897162462,54768.87030410893,35980,35860,56250,59763,31561.975822222223,31387.92563960979,32856.01683093333,51366.062999999995,0.9998884707156994,0.9992152697058329,0.6075082136250728,1864.5340698865716,4470000,8310000.000000001,10630000,631.8464775179486,3045,2310.4062060121078,301.35733121897067,36,29.0195948581231,25.27385910071795,25.27385910071795,2.24,0.013249514960433105,0.0031387999999999997
Texas,29145428,TX,10.570351339483384,1860108.3,1936372.7403,1560503.5,54076,28857754,1624525.8,55601,29217653,1175840.6,40746.0885556097,1858757.8,1789933.4,1560503.5,1624525.8,1171626.5,1168805.2,54076,55573,40600,40003,17902900,17706662,64457.83341281515,64411.034898973776,66274.06863583464,61262.05277336958,35980,35860,56250,59763,34589.41297777778,33345.84575740843,36007.578909866665,56293.115999999995,0.9998884707156994,0.9992152697058329,0.6203843861168128,2043.3809124533625,4470000,8310000.000000001,10630000,692.453440574359,3045,2638.2177322341863,344.1153563783722,36,33.13703431791732,27.698137622974357,27.698137622974357,2.24,0.0073992459376383685,0.0031387999999999997
Utah,3271614,UT,14.110051717673977,201285.4,209538.10139999999,157045.2,48580,3232701,171385.4,52225,3281684,126681.2,39187.416343175566,196538.9,202133.4,157045.2,171385.4,119720.1,122472.1,48580,52191,37034,37320,2103036,2135409,62265.393551707995,60797.116714474985,63850.78557228545,61594.41311229235,35980,35860,56250,59763,31073.927111111112,31316.52125897294,32347.958122666667,50571.78,0.9998884707156994,0.9992152697058329,0.6505507314162368,1835.7024322617121,4470000,8310000.000000001,10630000,622.0761177435897,3045,2541.7524256659785,331.5329250868668,36,31.925392786142726,24.88304470974359,24.88304470974359,2.24,0.009877036202371785,0.0031387999999999997
Vermont,643085,VT,24.083191806988996,34628.1,36047.8521,35584.5,55442,641838,38097.7,59296,642495,30811,48004.32507891399,34230.8,34018.6,35584.5,38097.7,30718.7,29686.3,55442,59260,47860,46205,433602,409390,53951.46438821011,53332.460839027925,56106.043004225714,52947.64939804979,35980,35860,56250,59763,35463.167288888886,35558.1814835266,36917.15714773333,57715.121999999996,0.9998884707156994,0.9992152697058329,0.6755629925308255,2094.9982348590747,4470000,8310000.000000001,10630000,709.9453297641024,3045,2233.4520965143697,291.31983867578737,36,28.05302150211286,28.397813190564097,28.397813190564097,2.24,0.016858234264892295,0.0031387999999999997
Virginia,8631384,VA,10.910601694889971,561989.6,585031.1736,507874.1,59073,8597339,536817.2,62189,8632044,397230.5,46203.88936623297,557764.4,556992.6,507874.1,536817.2,376752,369718.3,59073,62157,43822,42831,5329887,5224997,65367.85393713101,64876.39954641779,67774.35026976229,64526.153944535035,35980,35860,56250,59763,37785.71626666667,37296.488128106015,39334.9306336,61494.992999999995,0.9998884707156994,0.9992152697058329,0.6199461251905968,2232.203577212765,4470000,8310000.000000001,10630000,756.4409737230769,3045,2697.94048189246,351.90528024684266,36,33.88717513488115,30.25763894892308,30.25763894892308,2.24,0.0076374211864229805,0.0031387999999999997
Washington,7705247,WA,9.378734263113998,608966.4,633934.0224,490322.1,64189,7638689,527581.8,68350,7718785,367599.2,48123.336347375836,595231.8,612969.1,490322.1,527581.8,361957.5,356590.2,64189,68304,47385,46198,4589563,4436065,79721.3239078067,77923.29285823785,82128.7317110141,79412.64072000969,35980,35860,56250,59763,41058.13724444444,40984.914411927115,42741.52087146666,66820.749,0.9998884707156994,0.9992152697058329,0.6008312421149755,2425.5229193998975,4470000,8310000.000000001,10630000,821.9523244512819,3045,3269.355281573061,426.43764542257327,36,41.06436585550705,32.87809297805128,32.87809297805128,2.24,0.0065651139841797984,0.0031387999999999997
West Virginia,1793755,WV,17.760417586606614,79883.8,83159.0358,77329.9,42951,1800430,80971.2,45240,1789798,66803.2,37104.02514954761,79325.6,76547.9,77329.9,80971.2,67992.2,66537.4,42951,45199,37764,37176,881598,841019,44369.289558605444,44059.25251189993,46462.80518807151,42769.016391793935,35980,35860,56250,59763,27473.368533333334,27121.063868949015,28599.7766432,44711.990999999995,0.9998884707156994,0.9992152697058329,0.48965969240681395,1622.9982537684812,4470000,8310000.000000001,10630000,549.9957046769231,3045,1849.5770526790002,241.24918078421746,36,23.231402594035753,21.999828187076922,21.999828187076922,2.24,0.012432292310624631,0.0031387999999999997
Wisconsin,5893725,WI,21.944184179225548,347398.6,361641.94259999995,311019,52893,5880193,329622.8,55941,5892323,251340.5,42743.58001514576,345236.4,340591.1,311019,329622.8,243920.4,239972.9,52893,55904,41482,40726,3719288,3582636,59079.4553852229,58711.74636614819,61375.10496284741,57802.51693601997,35980,35860,56250,59763,33832.7136,33544.457942205045,35219.8548576,55061.613,0.9998884707156994,0.9992152697058329,0.6325112117918579,1998.6786486129836,4470000,8310000.000000001,10630000,677.3049011076923,3045,2443.2012937133486,318.67842961478465,36,30.687552481423705,27.0921960443077,27.0921960443077,2.24,0.015360928925457883,0.0031387999999999997
Wyoming,576837,WY,19.144878231681126,39971.4,41610.227399999996,36889,64117,575341,37974,65782,577267,25304.9,43982.43824097361,39428,36330.4,36889,37974,24806.1,24566.4,64117,65744,43115,42556,408235,401871,69474.27699399139,68529.79363542664,72081.42402042728,62935.1755773325,35980,35860,56250,59763,41012.08284444444,39448.82017301675,42693.57824106666,66745.79699999999,0.9998884707156994,0.9992152697058329,0.7095531171948462,2422.8022406200944,4470000,8310000.000000001,10630000,821.0303507897435,3045,2869.3951485054704,374.26893241375706,36,36.04071201021364,32.841214031589736,32.841214031589736,2.24,0.013401414762176787,0.0031387999999999997
